{
  "trivial_global_mean": {
    "rmse_eur": 92.27460088278598,
    "mae_eur": 57.183685237772366,
    "medae_eur": 39.85034768020219,
    "r2_eur": -0.04906440568520298,
    "rmse_log": 0.5765669570212686,
    "r2_log": -0.00012808017023346885
  },
  "trivial_neigh_room": {
    "rmse_eur": 89.27668533068814,
    "mae_eur": 54.00239775398463,
    "medae_eur": 34.50020259252117,
    "r2_eur": 0.01799450990624507,
    "rmse_log": 0.5456662762294554,
    "r2_log": 0.10420146052148849
  },
  "random_forest": {
    "rmse_eur": 64.95940303208741,
    "mae_eur": 33.8307460246345,
    "medae_eur": 21.273889420997875,
    "r2_eur": 0.4800975651977549,
    "rmse_log": 0.34195738835674294,
    "r2_log": 0.6481965409436599
  },
  "n_features": 42,
  "n_train": 7432,
  "n_test": 1788
}